[{"label":"Bing Ads","people":"2","clicks":"2","cost":"0.5","converted_people":"0","conversions":"0","revenue":"0"},{"label":"BuySellAds","people":"6","clicks":"6","cost":"0","converted_people":"0","conversions":"0","revenue":"0"},{"label":"Google AdWords","people":"64","clicks":"68","cost":"4.76","converted_people":"0","conversions":"0","revenue":"0"},{"label":"Site Ads","people":"1","clicks":"1","cost":"0","converted_people":"1","conversions":"1","revenue":"19.5"},{"label":"WSG Footer","people":"1","clicks":"1","cost":"0","converted_people":"0","conversions":"0","revenue":"0"}]